{"cameraMode":{"drawMode":0,"name":"Shaded","section":"Shading Mode"},"sceneLighting":true,"audioPlay":false,"sceneViewState":{"showFog":true,"showMaterialUpdate":false,"showSkybox":true,"showFlares":true,"showImageEffects":true,"showParticleSystems":true},"in2DMode":false,"pivot":{"x":2.2752227783203127,"y":-0.4855926036834717,"z":-0.06329771876335144},"rotation":{"x":-0.033073533326387408,"y":0.9503903985023499,"z":-0.2896321713924408,"w":-0.10852649807929993},"size":2.1189684867858888,"orthographic":false}