{"cameraMode":{"drawMode":0,"name":"Shaded","section":"Shading Mode"},"sceneLighting":true,"audioPlay":false,"sceneViewState":{"showFog":true,"showMaterialUpdate":false,"showSkybox":true,"showFlares":true,"showImageEffects":true,"showParticleSystems":true},"in2DMode":false,"pivot":{"x":1.2219160795211793,"y":-0.014872066676616669,"z":-0.14419600367546082},"rotation":{"x":-0.033073533326387408,"y":0.9503903985023499,"z":-0.2896321713924408,"w":-0.10852649807929993},"size":8.524114608764649,"orthographic":false}