{"cameraMode":{"drawMode":0,"name":"Shaded","section":"Shading Mode"},"sceneLighting":true,"audioPlay":false,"sceneViewState":{"showFog":true,"showMaterialUpdate":false,"showSkybox":true,"showFlares":true,"showImageEffects":true,"showParticleSystems":true},"in2DMode":false,"pivot":{"x":0.024070143699645997,"y":-1.399179458618164,"z":-1.5980050563812256},"rotation":{"x":-0.033073533326387408,"y":0.9503903985023499,"z":-0.2896321713924408,"w":-0.10852649807929993},"size":6.885226249694824,"orthographic":false}