{"cameraMode":{"drawMode":0,"name":"Shaded","section":"Shading Mode"},"sceneLighting":false,"audioPlay":false,"sceneViewState":{"showFog":true,"showMaterialUpdate":false,"showSkybox":false,"showFlares":true,"showImageEffects":true,"showParticleSystems":true},"in2DMode":false,"pivot":{"x":1.195356845855713,"y":0.08536742627620697,"z":2.1746973991394045},"rotation":{"x":-0.02109689824283123,"y":0.9580435156822205,"z":-0.27632954716682436,"w":-0.07314369082450867},"size":2.846132755279541,"orthographic":false}