{"cameraMode":{"drawMode":0,"name":"Shaded","section":"Shading Mode"},"sceneLighting":true,"audioPlay":false,"sceneViewState":{"showFog":true,"showMaterialUpdate":false,"showSkybox":true,"showFlares":true,"showImageEffects":true,"showParticleSystems":true},"in2DMode":false,"pivot":{"x":-0.14687669277191163,"y":-1.372053861618042,"z":-1.5771713256835938},"rotation":{"x":-0.033073533326387408,"y":0.9503903985023499,"z":-0.2896321713924408,"w":-0.10852649807929993},"size":16.293704986572267,"orthographic":false}