{"cameraMode":{"drawMode":0,"name":"Shaded","section":"Shading Mode"},"sceneLighting":false,"audioPlay":false,"sceneViewState":{"showFog":true,"showMaterialUpdate":false,"showSkybox":false,"showFlares":true,"showImageEffects":true,"showParticleSystems":true},"in2DMode":false,"pivot":{"x":1.013589859008789,"y":-1.3726167678833008,"z":0.712101936340332},"rotation":{"x":-0.033073533326387408,"y":0.9503903985023499,"z":-0.2896321713924408,"w":-0.10852649807929993},"size":6.600058555603027,"orthographic":false}