{"cameraMode":{"drawMode":0,"name":"Shaded","section":"Shading Mode"},"sceneLighting":true,"audioPlay":false,"sceneViewState":{"showFog":true,"showMaterialUpdate":false,"showSkybox":true,"showFlares":true,"showImageEffects":true,"showParticleSystems":true},"in2DMode":false,"pivot":{"x":1.0973634719848633,"y":-1.312467336654663,"z":-0.5697851181030273},"rotation":{"x":-0.02109689824283123,"y":0.9580435156822205,"z":-0.27632954716682436,"w":-0.07314369082450867},"size":6.735365390777588,"orthographic":false}