{"cameraMode":{"drawMode":0,"name":"Shaded","section":"Shading Mode"},"sceneLighting":false,"audioPlay":false,"sceneViewState":{"showFog":true,"showMaterialUpdate":false,"showSkybox":false,"showFlares":true,"showImageEffects":true,"showParticleSystems":true},"in2DMode":false,"pivot":{"x":3.2499940395355226,"y":0.25000011920928957,"z":3.750000476837158},"rotation":{"x":-0.02109689824283123,"y":0.9580435156822205,"z":-0.27632954716682436,"w":-0.07314369082450867},"size":1.4289320707321168,"orthographic":false}